<?xml version="1.0" encoding="UTF-8"?>
<zabbix_export>
    <version>6.0</version>
    <date>2023-05-29T16:07:28Z</date>
    <media_types>
        <media_type>
            <name>Alertas WhatsApp - BEE</name>
            <type>SCRIPT</type>
            <script_name>beezap</script_name>
            <parameters>
                <parameter>{ALERT.SENDTO}</parameter>
                <parameter>{ALERT.SUBJECT}</parameter>
                <parameter>{ALERT.MESSAGE}</parameter>
            </parameters>
            <message_templates>
                <message_template>
                    <event_source>TRIGGERS</event_source>
                    <operation_mode>PROBLEM</operation_mode>
                    <subject>*Alerta de Novo Incidente* ❌</subject>
                    <message>\n\n*Iniciado em*: {EVENT.TIME}\n*Problema*: {EVENT.NAME}\n*Host*: {HOST.NAME}\n*Item*: {ITEM.NAME}\n*IP*: {HOST.IP}\n*Severidade*: {EVENT.SEVERITY}\n*Status Anterior*: {?last(//{ITEM.KEY},#2)}\n*Status Atual*: {EVENT.OPDATA}\n*Ação*: Por favor, verificar dispositivo ❌\n*By*: Bee Solutions (Beezap Bot)</message>
                </message_template>
                <message_template>
                    <event_source>TRIGGERS</event_source>
                    <operation_mode>RECOVERY</operation_mode>
                    <subject>*Alerta de Resolução de Incidente* ✅</subject>
                    <message>\n\n*Resolvido em*: {EVENT.RECOVERY.TIME} de {EVENT.RECOVERY.DATE}\n*Problema*: {EVENT.NAME}\n*Duração*: {EVENT.DURATION}\n*Host*: {HOST.NAME}\n*IP*: {HOST.IP}\n*Severidade*: {EVENT.SEVERITY}\n*Status Anterior*: {?last(//{ITEM.KEY},#2)}\n*Status Atual*: {EVENT.OPDATA}\n*Ação*: O Incidente foi resolvido ✅\n*By*: Bee Solutions (Beezap Bot)</message>
                </message_template>
            </message_templates>
        </media_type>
    </media_types>
</zabbix_export>
