<?xml version="1.0" encoding="UTF-8"?>
<zabbix_export>
    <version>5.4</version>
    <date>2022-04-11T20:08:40Z</date>
    <groups>
        <group>
            <uuid>42ac8ca43f904158b6ecbd18b4fb76f0</uuid>
            <name>ZABBIX ULTIMATE</name>
        </group>
    </groups>
    <templates>
        <template>
            <uuid>e7fb4f16636a4e798bc3cdf69eb3c0d2</uuid>
            <template>ZABBIX ULTIMATE - VEEM BACKUP</template>
            <name>ZABBIX ULTIMATE - VEEM BACKUP</name>
            <groups>
                <group>
                    <name>ZABBIX ULTIMATE</name>
                </group>
            </groups>
            <discovery_rules>
                <discovery_rule>
                    <uuid>8d8b92244b81477498a1b07277d7e2b9</uuid>
                    <name>Descoberta de jobs Veem</name>
                    <type>EXTERNAL</type>
                    <key>veem.backup.sh</key>
                    <item_prototypes>
                        <item_prototype>
                            <uuid>d60933e182a64ae285c661ef6043ccdb</uuid>
                            <name>JOB $1</name>
                            <type>SNMP_TRAP</type>
                            <key>snmptrap[&quot;{#JOBSVEEM}&quot;]</key>
                            <delay>0</delay>
                            <valuemap>
                                <name>Veem Backup</name>
                            </valuemap>
                            <preprocessing>
                                <step>
                                    <type>REGEX</type>
                                    <parameters>
                                        <parameter>31023.1.1.103.*&quot;(.*)&quot;</parameter>
                                        <parameter>\1</parameter>
                                    </parameters>
                                </step>
                                <step>
                                    <type>STR_REPLACE</type>
                                    <parameters>
                                        <parameter>Success</parameter>
                                        <parameter>1</parameter>
                                    </parameters>
                                </step>
                                <step>
                                    <type>STR_REPLACE</type>
                                    <parameters>
                                        <parameter>Warming</parameter>
                                        <parameter>2</parameter>
                                    </parameters>
                                </step>
                                <step>
                                    <type>STR_REPLACE</type>
                                    <parameters>
                                        <parameter>Failure</parameter>
                                        <parameter>0</parameter>
                                    </parameters>
                                </step>
                            </preprocessing>
                            <tags>
                                <tag>
                                    <tag>VEEMBACKUP</tag>
                                    <value>JOBS</value>
                                </tag>
                            </tags>
                        </item_prototype>
                    </item_prototypes>
                </discovery_rule>
            </discovery_rules>
            <valuemaps>
                <valuemap>
                    <uuid>2ee57ba2d56f49c88e66e449c82eb17f</uuid>
                    <name>Veem Backup</name>
                    <mappings>
                        <mapping>
                            <value>1</value>
                            <newvalue>Sucesso</newvalue>
                        </mapping>
                        <mapping>
                            <value>2</value>
                            <newvalue>Atenção</newvalue>
                        </mapping>
                        <mapping>
                            <value>0</value>
                            <newvalue>Falha</newvalue>
                        </mapping>
                    </mappings>
                </valuemap>
            </valuemaps>
        </template>
    </templates>
</zabbix_export>
