<?xml version="1.0" encoding="UTF-8"?>
<zabbix_export>
    <version>3.4</version>
    <date>2018-09-07T11:49:57Z</date>
    <groups>
        <group>
            <name>Templates</name>
        </group>
    </groups>
    <templates>
        <template>
            <template>Template Kaspersky Security Center active</template>
            <name>Template Kaspersky Security Center active</name>
            <description>Kasperscy Security Center  Template&#13;
&#13;
Windows Server 2008R2 SP1, Powershell 2.0, Kaspersky Security Center 10&#13;
 &#13;
https://github.com/zbx-sadman/KSC&#13;
&#13;
Requirement: ksc.ps1 v.0.9</description>
            <groups>
                <group>
                    <name>Templates</name>
                </group>
            </groups>
            <applications>
                <application>
                    <name>KSC Licenses</name>
                </application>
                <application>
                    <name>KSC Managed hosts</name>
                </application>
                <application>
                    <name>KSC Server</name>
                </application>
            </applications>
            <items>
                <item>
                    <name>Number of managed hosts on which network agent is inactive too long</name>
                    <type>7</type>
                    <snmp_community/>
                    <snmp_oid/>
                    <key>ksc[Count,Host,AgentIsInactiveTooLong]</key>
                    <delay>300</delay>
                    <history>7d</history>
                    <trends>90d</trends>
                    <status>0</status>
                    <value_type>3</value_type>
                    <allowed_hosts/>
                    <units/>
                    <snmpv3_contextname/>
                    <snmpv3_securityname/>
                    <snmpv3_securitylevel>0</snmpv3_securitylevel>
                    <snmpv3_authprotocol>0</snmpv3_authprotocol>
                    <snmpv3_authpassphrase/>
                    <snmpv3_privprotocol>0</snmpv3_privprotocol>
                    <snmpv3_privpassphrase/>
                    <params/>
                    <ipmi_sensor/>
                    <authtype>0</authtype>
                    <username/>
                    <password/>
                    <publickey/>
                    <privatekey/>
                    <port/>
                    <description/>
                    <inventory_link>0</inventory_link>
                    <applications>
                        <application>
                            <name>KSC Managed hosts</name>
                        </application>
                    </applications>
                    <valuemap/>
                    <logtimefmt/>
                    <preprocessing/>
                    <jmx_endpoint/>
                    <master_item/>
                </item>
                <item>
                    <name>Number of managed hosts on which AV bases were updated between an 1..3 days ago</name>
                    <type>7</type>
                    <snmp_community/>
                    <snmp_oid/>
                    <key>ksc[Count,Host,AVBasesAgeIs1-3Days]</key>
                    <delay>300</delay>
                    <history>7d</history>
                    <trends>90d</trends>
                    <status>0</status>
                    <value_type>3</value_type>
                    <allowed_hosts/>
                    <units/>
                    <snmpv3_contextname/>
                    <snmpv3_securityname/>
                    <snmpv3_securitylevel>0</snmpv3_securitylevel>
                    <snmpv3_authprotocol>0</snmpv3_authprotocol>
                    <snmpv3_authpassphrase/>
                    <snmpv3_privprotocol>0</snmpv3_privprotocol>
                    <snmpv3_privpassphrase/>
                    <params/>
                    <ipmi_sensor/>
                    <authtype>0</authtype>
                    <username/>
                    <password/>
                    <publickey/>
                    <privatekey/>
                    <port/>
                    <description/>
                    <inventory_link>0</inventory_link>
                    <applications>
                        <application>
                            <name>KSC Managed hosts</name>
                        </application>
                    </applications>
                    <valuemap/>
                    <logtimefmt/>
                    <preprocessing/>
                    <jmx_endpoint/>
                    <master_item/>
                </item>
                <item>
                    <name>Number of managed hosts on which AV bases were updated between an 3..7 days ago</name>
                    <type>7</type>
                    <snmp_community/>
                    <snmp_oid/>
                    <key>ksc[Count,Host,AVBasesAgeIs3-7Days]</key>
                    <delay>300</delay>
                    <history>7d</history>
                    <trends>90d</trends>
                    <status>0</status>
                    <value_type>3</value_type>
                    <allowed_hosts/>
                    <units/>
                    <snmpv3_contextname/>
                    <snmpv3_securityname/>
                    <snmpv3_securitylevel>0</snmpv3_securitylevel>
                    <snmpv3_authprotocol>0</snmpv3_authprotocol>
                    <snmpv3_authpassphrase/>
                    <snmpv3_privprotocol>0</snmpv3_privprotocol>
                    <snmpv3_privpassphrase/>
                    <params/>
                    <ipmi_sensor/>
                    <authtype>0</authtype>
                    <username/>
                    <password/>
                    <publickey/>
                    <privatekey/>
                    <port/>
                    <description/>
                    <inventory_link>0</inventory_link>
                    <applications>
                        <application>
                            <name>KSC Managed hosts</name>
                        </application>
                    </applications>
                    <valuemap/>
                    <logtimefmt/>
                    <preprocessing/>
                    <jmx_endpoint/>
                    <master_item/>
                </item>
                <item>
                    <name>Number of managed hosts on which AV bases were updated between an 1..24 hour ago</name>
                    <type>7</type>
                    <snmp_community/>
                    <snmp_oid/>
                    <key>ksc[Count,Host,AVBasesAgeIs24Hrs]</key>
                    <delay>300</delay>
                    <history>7d</history>
                    <trends>90d</trends>
                    <status>0</status>
                    <value_type>3</value_type>
                    <allowed_hosts/>
                    <units/>
                    <snmpv3_contextname/>
                    <snmpv3_securityname/>
                    <snmpv3_securitylevel>0</snmpv3_securitylevel>
                    <snmpv3_authprotocol>0</snmpv3_authprotocol>
                    <snmpv3_authpassphrase/>
                    <snmpv3_privprotocol>0</snmpv3_privprotocol>
                    <snmpv3_privpassphrase/>
                    <params/>
                    <ipmi_sensor/>
                    <authtype>0</authtype>
                    <username/>
                    <password/>
                    <publickey/>
                    <privatekey/>
                    <port/>
                    <description/>
                    <inventory_link>0</inventory_link>
                    <applications>
                        <application>
                            <name>KSC Managed hosts</name>
                        </application>
                    </applications>
                    <valuemap/>
                    <logtimefmt/>
                    <preprocessing/>
                    <jmx_endpoint/>
                    <master_item/>
                </item>
                <item>
                    <name>Number of managed hosts on which AV bases were updated more than 7 days ago</name>
                    <type>7</type>
                    <snmp_community/>
                    <snmp_oid/>
                    <key>ksc[Count,Host,AVBasesAgeMoreThan7Days]</key>
                    <delay>300</delay>
                    <history>7d</history>
                    <trends>90d</trends>
                    <status>0</status>
                    <value_type>3</value_type>
                    <allowed_hosts/>
                    <units/>
                    <snmpv3_contextname/>
                    <snmpv3_securityname/>
                    <snmpv3_securitylevel>0</snmpv3_securitylevel>
                    <snmpv3_authprotocol>0</snmpv3_authprotocol>
                    <snmpv3_authpassphrase/>
                    <snmpv3_privprotocol>0</snmpv3_privprotocol>
                    <snmpv3_privpassphrase/>
                    <params/>
                    <ipmi_sensor/>
                    <authtype>0</authtype>
                    <username/>
                    <password/>
                    <publickey/>
                    <privatekey/>
                    <port/>
                    <description/>
                    <inventory_link>0</inventory_link>
                    <applications>
                        <application>
                            <name>KSC Managed hosts</name>
                        </application>
                    </applications>
                    <valuemap/>
                    <logtimefmt/>
                    <preprocessing/>
                    <jmx_endpoint/>
                    <master_item/>
                </item>
                <item>
                    <name>Number of managed hosts on which full scan performed too long ago</name>
                    <type>7</type>
                    <snmp_community/>
                    <snmp_oid/>
                    <key>ksc[Count,Host,FullScanPerformedTooLongAgo]</key>
                    <delay>300</delay>
                    <history>7d</history>
                    <trends>90d</trends>
                    <status>0</status>
                    <value_type>3</value_type>
                    <allowed_hosts/>
                    <units/>
                    <snmpv3_contextname/>
                    <snmpv3_securityname/>
                    <snmpv3_securitylevel>0</snmpv3_securitylevel>
                    <snmpv3_authprotocol>0</snmpv3_authprotocol>
                    <snmpv3_authpassphrase/>
                    <snmpv3_privprotocol>0</snmpv3_privprotocol>
                    <snmpv3_privpassphrase/>
                    <params/>
                    <ipmi_sensor/>
                    <authtype>0</authtype>
                    <username/>
                    <password/>
                    <publickey/>
                    <privatekey/>
                    <port/>
                    <description/>
                    <inventory_link>0</inventory_link>
                    <applications>
                        <application>
                            <name>KSC Managed hosts</name>
                        </application>
                    </applications>
                    <valuemap/>
                    <logtimefmt/>
                    <preprocessing/>
                    <jmx_endpoint/>
                    <master_item/>
                </item>
                <item>
                    <name>Number of managed hosts on which Anti-virus application is not installed</name>
                    <type>7</type>
                    <snmp_community/>
                    <snmp_oid/>
                    <key>ksc[Count,Host,NotInstalledAVApplication]</key>
                    <delay>300</delay>
                    <history>7d</history>
                    <trends>90d</trends>
                    <status>0</status>
                    <value_type>3</value_type>
                    <allowed_hosts/>
                    <units/>
                    <snmpv3_contextname/>
                    <snmpv3_securityname/>
                    <snmpv3_securitylevel>0</snmpv3_securitylevel>
                    <snmpv3_authprotocol>0</snmpv3_authprotocol>
                    <snmpv3_authpassphrase/>
                    <snmpv3_privprotocol>0</snmpv3_privprotocol>
                    <snmpv3_privpassphrase/>
                    <params/>
                    <ipmi_sensor/>
                    <authtype>0</authtype>
                    <username/>
                    <password/>
                    <publickey/>
                    <privatekey/>
                    <port/>
                    <description/>
                    <inventory_link>0</inventory_link>
                    <applications>
                        <application>
                            <name>KSC Managed hosts</name>
                        </application>
                    </applications>
                    <valuemap/>
                    <logtimefmt/>
                    <preprocessing/>
                    <jmx_endpoint/>
                    <master_item/>
                </item>
                <item>
                    <name>Number of managed hosts on which Anti-virus application is installed but not running</name>
                    <type>7</type>
                    <snmp_community/>
                    <snmp_oid/>
                    <key>ksc[Count,Host,NotRunningAVApplication]</key>
                    <delay>300</delay>
                    <history>7d</history>
                    <trends>90d</trends>
                    <status>0</status>
                    <value_type>3</value_type>
                    <allowed_hosts/>
                    <units/>
                    <snmpv3_contextname/>
                    <snmpv3_securityname/>
                    <snmpv3_securitylevel>0</snmpv3_securitylevel>
                    <snmpv3_authprotocol>0</snmpv3_authprotocol>
                    <snmpv3_authpassphrase/>
                    <snmpv3_privprotocol>0</snmpv3_privprotocol>
                    <snmpv3_privpassphrase/>
                    <params/>
                    <ipmi_sensor/>
                    <authtype>0</authtype>
                    <username/>
                    <password/>
                    <publickey/>
                    <privatekey/>
                    <port/>
                    <description/>
                    <inventory_link>0</inventory_link>
                    <applications>
                        <application>
                            <name>KSC Managed hosts</name>
                        </application>
                    </applications>
                    <valuemap/>
                    <logtimefmt/>
                    <preprocessing/>
                    <jmx_endpoint/>
                    <master_item/>
                </item>
                <item>
                    <name>Number of managed hosts on which Anti-virus application is installed but real-time protection is not running</name>
                    <type>7</type>
                    <snmp_community/>
                    <snmp_oid/>
                    <key>ksc[Count,Host,NotRunningRTP]</key>
                    <delay>300</delay>
                    <history>7d</history>
                    <trends>90d</trends>
                    <status>0</status>
                    <value_type>3</value_type>
                    <allowed_hosts/>
                    <units/>
                    <snmpv3_contextname/>
                    <snmpv3_securityname/>
                    <snmpv3_securitylevel>0</snmpv3_securitylevel>
                    <snmpv3_authprotocol>0</snmpv3_authprotocol>
                    <snmpv3_authpassphrase/>
                    <snmpv3_privprotocol>0</snmpv3_privprotocol>
                    <snmpv3_privpassphrase/>
                    <params/>
                    <ipmi_sensor/>
                    <authtype>0</authtype>
                    <username/>
                    <password/>
                    <publickey/>
                    <privatekey/>
                    <port/>
                    <description/>
                    <inventory_link>0</inventory_link>
                    <applications>
                        <application>
                            <name>KSC Managed hosts</name>
                        </application>
                    </applications>
                    <valuemap/>
                    <logtimefmt/>
                    <preprocessing/>
                    <jmx_endpoint/>
                    <master_item/>
                </item>
                <item>
                    <name>Number of managed hosts on which RTP state is 'Failure'</name>
                    <type>7</type>
                    <snmp_community/>
                    <snmp_oid/>
                    <key>ksc[Count,Host,RTPState.Failure]</key>
                    <delay>300</delay>
                    <history>7d</history>
                    <trends>90d</trends>
                    <status>0</status>
                    <value_type>3</value_type>
                    <allowed_hosts/>
                    <units/>
                    <snmpv3_contextname/>
                    <snmpv3_securityname/>
                    <snmpv3_securitylevel>0</snmpv3_securitylevel>
                    <snmpv3_authprotocol>0</snmpv3_authprotocol>
                    <snmpv3_authpassphrase/>
                    <snmpv3_privprotocol>0</snmpv3_privprotocol>
                    <snmpv3_privpassphrase/>
                    <params/>
                    <ipmi_sensor/>
                    <authtype>0</authtype>
                    <username/>
                    <password/>
                    <publickey/>
                    <privatekey/>
                    <port/>
                    <description/>
                    <inventory_link>0</inventory_link>
                    <applications>
                        <application>
                            <name>KSC Managed hosts</name>
                        </application>
                    </applications>
                    <valuemap/>
                    <logtimefmt/>
                    <preprocessing/>
                    <jmx_endpoint/>
                    <master_item/>
                </item>
                <item>
                    <name>Number of managed hosts on which RTP state is 'Running'</name>
                    <type>7</type>
                    <snmp_community/>
                    <snmp_oid/>
                    <key>ksc[Count,Host,RTPState.Running]</key>
                    <delay>300</delay>
                    <history>7d</history>
                    <trends>90d</trends>
                    <status>0</status>
                    <value_type>3</value_type>
                    <allowed_hosts/>
                    <units/>
                    <snmpv3_contextname/>
                    <snmpv3_securityname/>
                    <snmpv3_securitylevel>0</snmpv3_securitylevel>
                    <snmpv3_authprotocol>0</snmpv3_authprotocol>
                    <snmpv3_authpassphrase/>
                    <snmpv3_privprotocol>0</snmpv3_privprotocol>
                    <snmpv3_privpassphrase/>
                    <params/>
                    <ipmi_sensor/>
                    <authtype>0</authtype>
                    <username/>
                    <password/>
                    <publickey/>
                    <privatekey/>
                    <port/>
                    <description/>
                    <inventory_link>0</inventory_link>
                    <applications>
                        <application>
                            <name>KSC Managed hosts</name>
                        </application>
                    </applications>
                    <valuemap/>
                    <logtimefmt/>
                    <preprocessing/>
                    <jmx_endpoint/>
                    <master_item/>
                </item>
                <item>
                    <name>Number of managed hosts on which RTP state is 'Starting'</name>
                    <type>7</type>
                    <snmp_community/>
                    <snmp_oid/>
                    <key>ksc[Count,Host,RTPState.Starting]</key>
                    <delay>300</delay>
                    <history>7d</history>
                    <trends>90d</trends>
                    <status>0</status>
                    <value_type>3</value_type>
                    <allowed_hosts/>
                    <units/>
                    <snmpv3_contextname/>
                    <snmpv3_securityname/>
                    <snmpv3_securitylevel>0</snmpv3_securitylevel>
                    <snmpv3_authprotocol>0</snmpv3_authprotocol>
                    <snmpv3_authpassphrase/>
                    <snmpv3_privprotocol>0</snmpv3_privprotocol>
                    <snmpv3_privpassphrase/>
                    <params/>
                    <ipmi_sensor/>
                    <authtype>0</authtype>
                    <username/>
                    <password/>
                    <publickey/>
                    <privatekey/>
                    <port/>
                    <description/>
                    <inventory_link>0</inventory_link>
                    <applications>
                        <application>
                            <name>KSC Managed hosts</name>
                        </application>
                    </applications>
                    <valuemap/>
                    <logtimefmt/>
                    <preprocessing/>
                    <jmx_endpoint/>
                    <master_item/>
                </item>
                <item>
                    <name>Number of managed hosts on which RTP state is 'Stopped'</name>
                    <type>7</type>
                    <snmp_community/>
                    <snmp_oid/>
                    <key>ksc[Count,Host,RTPState.Stopped]</key>
                    <delay>300</delay>
                    <history>7d</history>
                    <trends>90d</trends>
                    <status>0</status>
                    <value_type>3</value_type>
                    <allowed_hosts/>
                    <units/>
                    <snmpv3_contextname/>
                    <snmpv3_securityname/>
                    <snmpv3_securitylevel>0</snmpv3_securitylevel>
                    <snmpv3_authprotocol>0</snmpv3_authprotocol>
                    <snmpv3_authpassphrase/>
                    <snmpv3_privprotocol>0</snmpv3_privprotocol>
                    <snmpv3_privpassphrase/>
                    <params/>
                    <ipmi_sensor/>
                    <authtype>0</authtype>
                    <username/>
                    <password/>
                    <publickey/>
                    <privatekey/>
                    <port/>
                    <description/>
                    <inventory_link>0</inventory_link>
                    <applications>
                        <application>
                            <name>KSC Managed hosts</name>
                        </application>
                    </applications>
                    <valuemap/>
                    <logtimefmt/>
                    <preprocessing/>
                    <jmx_endpoint/>
                    <master_item/>
                </item>
                <item>
                    <name>Number of managed hosts on which RTP state is 'Suspended'</name>
                    <type>7</type>
                    <snmp_community/>
                    <snmp_oid/>
                    <key>ksc[Count,Host,RTPState.Suspended]</key>
                    <delay>300</delay>
                    <history>7d</history>
                    <trends>90d</trends>
                    <status>0</status>
                    <value_type>3</value_type>
                    <allowed_hosts/>
                    <units/>
                    <snmpv3_contextname/>
                    <snmpv3_securityname/>
                    <snmpv3_securitylevel>0</snmpv3_securitylevel>
                    <snmpv3_authprotocol>0</snmpv3_authprotocol>
                    <snmpv3_authpassphrase/>
                    <snmpv3_privprotocol>0</snmpv3_privprotocol>
                    <snmpv3_privpassphrase/>
                    <params/>
                    <ipmi_sensor/>
                    <authtype>0</authtype>
                    <username/>
                    <password/>
                    <publickey/>
                    <privatekey/>
                    <port/>
                    <description/>
                    <inventory_link>0</inventory_link>
                    <applications>
                        <application>
                            <name>KSC Managed hosts</name>
                        </application>
                    </applications>
                    <valuemap/>
                    <logtimefmt/>
                    <preprocessing/>
                    <jmx_endpoint/>
                    <master_item/>
                </item>
                <item>
                    <name>Number of managed hosts on which RTP state is 'Unknown'</name>
                    <type>7</type>
                    <snmp_community/>
                    <snmp_oid/>
                    <key>ksc[Count,Host,RTPState.Unknown]</key>
                    <delay>300</delay>
                    <history>7d</history>
                    <trends>90d</trends>
                    <status>0</status>
                    <value_type>3</value_type>
                    <allowed_hosts/>
                    <units/>
                    <snmpv3_contextname/>
                    <snmpv3_securityname/>
                    <snmpv3_securitylevel>0</snmpv3_securitylevel>
                    <snmpv3_authprotocol>0</snmpv3_authprotocol>
                    <snmpv3_authpassphrase/>
                    <snmpv3_privprotocol>0</snmpv3_privprotocol>
                    <snmpv3_privpassphrase/>
                    <params/>
                    <ipmi_sensor/>
                    <authtype>0</authtype>
                    <username/>
                    <password/>
                    <publickey/>
                    <privatekey/>
                    <port/>
                    <description/>
                    <inventory_link>0</inventory_link>
                    <applications>
                        <application>
                            <name>KSC Managed hosts</name>
                        </application>
                    </applications>
                    <valuemap/>
                    <logtimefmt/>
                    <preprocessing/>
                    <jmx_endpoint/>
                    <master_item/>
                </item>
                <item>
                    <name>Number of managed hosts with status 'Critical'</name>
                    <type>7</type>
                    <snmp_community/>
                    <snmp_oid/>
                    <key>ksc[Count,Host,Status.Critical]</key>
                    <delay>300</delay>
                    <history>7d</history>
                    <trends>90d</trends>
                    <status>0</status>
                    <value_type>3</value_type>
                    <allowed_hosts/>
                    <units/>
                    <snmpv3_contextname/>
                    <snmpv3_securityname/>
                    <snmpv3_securitylevel>0</snmpv3_securitylevel>
                    <snmpv3_authprotocol>0</snmpv3_authprotocol>
                    <snmpv3_authpassphrase/>
                    <snmpv3_privprotocol>0</snmpv3_privprotocol>
                    <snmpv3_privpassphrase/>
                    <params/>
                    <ipmi_sensor/>
                    <authtype>0</authtype>
                    <username/>
                    <password/>
                    <publickey/>
                    <privatekey/>
                    <port/>
                    <description/>
                    <inventory_link>0</inventory_link>
                    <applications>
                        <application>
                            <name>KSC Managed hosts</name>
                        </application>
                    </applications>
                    <valuemap/>
                    <logtimefmt/>
                    <preprocessing/>
                    <jmx_endpoint/>
                    <master_item/>
                </item>
                <item>
                    <name>Number of managed hosts with status 'OK'</name>
                    <type>7</type>
                    <snmp_community/>
                    <snmp_oid/>
                    <key>ksc[Count,Host,Status.OK]</key>
                    <delay>300</delay>
                    <history>7d</history>
                    <trends>90d</trends>
                    <status>0</status>
                    <value_type>3</value_type>
                    <allowed_hosts/>
                    <units/>
                    <snmpv3_contextname/>
                    <snmpv3_securityname/>
                    <snmpv3_securitylevel>0</snmpv3_securitylevel>
                    <snmpv3_authprotocol>0</snmpv3_authprotocol>
                    <snmpv3_authpassphrase/>
                    <snmpv3_privprotocol>0</snmpv3_privprotocol>
                    <snmpv3_privpassphrase/>
                    <params/>
                    <ipmi_sensor/>
                    <authtype>0</authtype>
                    <username/>
                    <password/>
                    <publickey/>
                    <privatekey/>
                    <port/>
                    <description/>
                    <inventory_link>0</inventory_link>
                    <applications>
                        <application>
                            <name>KSC Managed hosts</name>
                        </application>
                    </applications>
                    <valuemap/>
                    <logtimefmt/>
                    <preprocessing/>
                    <jmx_endpoint/>
                    <master_item/>
                </item>
                <item>
                    <name>Number of managed hosts with status 'Warning'</name>
                    <type>7</type>
                    <snmp_community/>
                    <snmp_oid/>
                    <key>ksc[Count,Host,Status.Warning]</key>
                    <delay>300</delay>
                    <history>7d</history>
                    <trends>90d</trends>
                    <status>0</status>
                    <value_type>3</value_type>
                    <allowed_hosts/>
                    <units/>
                    <snmpv3_contextname/>
                    <snmpv3_securityname/>
                    <snmpv3_securitylevel>0</snmpv3_securitylevel>
                    <snmpv3_authprotocol>0</snmpv3_authprotocol>
                    <snmpv3_authpassphrase/>
                    <snmpv3_privprotocol>0</snmpv3_privprotocol>
                    <snmpv3_privpassphrase/>
                    <params/>
                    <ipmi_sensor/>
                    <authtype>0</authtype>
                    <username/>
                    <password/>
                    <publickey/>
                    <privatekey/>
                    <port/>
                    <description/>
                    <inventory_link>0</inventory_link>
                    <applications>
                        <application>
                            <name>KSC Managed hosts</name>
                        </application>
                    </applications>
                    <valuemap/>
                    <logtimefmt/>
                    <preprocessing/>
                    <jmx_endpoint/>
                    <master_item/>
                </item>
                <item>
                    <name>Number of managed hosts on which number of viruses detected is too much</name>
                    <type>7</type>
                    <snmp_community/>
                    <snmp_oid/>
                    <key>ksc[Count,Host,TooMuchVirusesDetected]</key>
                    <delay>300</delay>
                    <history>7d</history>
                    <trends>90d</trends>
                    <status>0</status>
                    <value_type>3</value_type>
                    <allowed_hosts/>
                    <units/>
                    <snmpv3_contextname/>
                    <snmpv3_securityname/>
                    <snmpv3_securitylevel>0</snmpv3_securitylevel>
                    <snmpv3_authprotocol>0</snmpv3_authprotocol>
                    <snmpv3_authpassphrase/>
                    <snmpv3_privprotocol>0</snmpv3_privprotocol>
                    <snmpv3_privpassphrase/>
                    <params/>
                    <ipmi_sensor/>
                    <authtype>0</authtype>
                    <username/>
                    <password/>
                    <publickey/>
                    <privatekey/>
                    <port/>
                    <description/>
                    <inventory_link>0</inventory_link>
                    <applications>
                        <application>
                            <name>KSC Managed hosts</name>
                        </application>
                    </applications>
                    <valuemap/>
                    <logtimefmt/>
                    <preprocessing/>
                    <jmx_endpoint/>
                    <master_item/>
                </item>
                <item>
                    <name>Number of managed hosts on which Anti-virus bases were updated too long ago</name>
                    <type>7</type>
                    <snmp_community/>
                    <snmp_oid/>
                    <key>ksc[Count,Host,TooOldAVBases]</key>
                    <delay>300</delay>
                    <history>7d</history>
                    <trends>90d</trends>
                    <status>0</status>
                    <value_type>3</value_type>
                    <allowed_hosts/>
                    <units/>
                    <snmpv3_contextname/>
                    <snmpv3_securityname/>
                    <snmpv3_securitylevel>0</snmpv3_securitylevel>
                    <snmpv3_authprotocol>0</snmpv3_authprotocol>
                    <snmpv3_authpassphrase/>
                    <snmpv3_privprotocol>0</snmpv3_privprotocol>
                    <snmpv3_privpassphrase/>
                    <params/>
                    <ipmi_sensor/>
                    <authtype>0</authtype>
                    <username/>
                    <password/>
                    <publickey/>
                    <privatekey/>
                    <port/>
                    <description/>
                    <inventory_link>0</inventory_link>
                    <applications>
                        <application>
                            <name>KSC Managed hosts</name>
                        </application>
                    </applications>
                    <valuemap/>
                    <logtimefmt/>
                    <preprocessing/>
                    <jmx_endpoint/>
                    <master_item/>
                </item>
                <item>
                    <name>Number of managed hosts in &quot;Unassigned&quot; group</name>
                    <type>7</type>
                    <snmp_community/>
                    <snmp_oid/>
                    <key>ksc[Count,Host,Unassigned]</key>
                    <delay>300</delay>
                    <history>7d</history>
                    <trends>90d</trends>
                    <status>0</status>
                    <value_type>3</value_type>
                    <allowed_hosts/>
                    <units/>
                    <snmpv3_contextname/>
                    <snmpv3_securityname/>
                    <snmpv3_securitylevel>0</snmpv3_securitylevel>
                    <snmpv3_authprotocol>0</snmpv3_authprotocol>
                    <snmpv3_authpassphrase/>
                    <snmpv3_privprotocol>0</snmpv3_privprotocol>
                    <snmpv3_privpassphrase/>
                    <params/>
                    <ipmi_sensor/>
                    <authtype>0</authtype>
                    <username/>
                    <password/>
                    <publickey/>
                    <privatekey/>
                    <port/>
                    <description/>
                    <inventory_link>0</inventory_link>
                    <applications>
                        <application>
                            <name>KSC Managed hosts</name>
                        </application>
                    </applications>
                    <valuemap/>
                    <logtimefmt/>
                    <preprocessing/>
                    <jmx_endpoint/>
                    <master_item/>
                </item>
                <item>
                    <name>KSC Server build</name>
                    <type>7</type>
                    <snmp_community/>
                    <snmp_oid/>
                    <key>ksc[Get,Server,Build]</key>
                    <delay>10800</delay>
                    <history>7d</history>
                    <trends>0</trends>
                    <status>0</status>
                    <value_type>4</value_type>
                    <allowed_hosts/>
                    <units/>
                    <snmpv3_contextname/>
                    <snmpv3_securityname/>
                    <snmpv3_securitylevel>0</snmpv3_securitylevel>
                    <snmpv3_authprotocol>0</snmpv3_authprotocol>
                    <snmpv3_authpassphrase/>
                    <snmpv3_privprotocol>0</snmpv3_privprotocol>
                    <snmpv3_privpassphrase/>
                    <params/>
                    <ipmi_sensor/>
                    <authtype>0</authtype>
                    <username/>
                    <password/>
                    <publickey/>
                    <privatekey/>
                    <port/>
                    <description/>
                    <inventory_link>0</inventory_link>
                    <applications>
                        <application>
                            <name>KSC Server</name>
                        </application>
                    </applications>
                    <valuemap/>
                    <logtimefmt/>
                    <preprocessing/>
                    <jmx_endpoint/>
                    <master_item/>
                </item>
            </items>
            <discovery_rules>
                <discovery_rule>
                    <name>KSC Licenses</name>
                    <type>7</type>
                    <snmp_community/>
                    <snmp_oid/>
                    <key>ksc[Discovery,License]</key>
                    <delay>60</delay>
                    <status>0</status>
                    <allowed_hosts/>
                    <snmpv3_contextname/>
                    <snmpv3_securityname/>
                    <snmpv3_securitylevel>0</snmpv3_securitylevel>
                    <snmpv3_authprotocol>0</snmpv3_authprotocol>
                    <snmpv3_authpassphrase/>
                    <snmpv3_privprotocol>0</snmpv3_privprotocol>
                    <snmpv3_privpassphrase/>
                    <params/>
                    <ipmi_sensor/>
                    <authtype>0</authtype>
                    <username/>
                    <password/>
                    <publickey/>
                    <privatekey/>
                    <port/>
                    <filter>
                        <evaltype>0</evaltype>
                        <formula/>
                        <conditions/>
                    </filter>
                    <lifetime>1d</lifetime>
                    <description/>
                    <item_prototypes>
                        <item_prototype>
                            <name>[{#KLLIC_SERIAL}] License expiration date</name>
                            <type>7</type>
                            <snmp_community/>
                            <snmp_oid/>
                            <key>ksc[Get,License,KLLIC_LIMIT_DATE,{#KLLIC_SERIAL}]</key>
                            <delay>3600</delay>
                            <history>7d</history>
                            <trends>90d</trends>
                            <status>0</status>
                            <value_type>3</value_type>
                            <allowed_hosts/>
                            <units>unixtime</units>
                            <snmpv3_contextname/>
                            <snmpv3_securityname/>
                            <snmpv3_securitylevel>0</snmpv3_securitylevel>
                            <snmpv3_authprotocol>0</snmpv3_authprotocol>
                            <snmpv3_authpassphrase/>
                            <snmpv3_privprotocol>0</snmpv3_privprotocol>
                            <snmpv3_privpassphrase/>
                            <params/>
                            <ipmi_sensor/>
                            <authtype>0</authtype>
                            <username/>
                            <password/>
                            <publickey/>
                            <privatekey/>
                            <port/>
                            <description/>
                            <inventory_link>0</inventory_link>
                            <applications>
                                <application>
                                    <name>KSC Licenses</name>
                                </application>
                            </applications>
                            <valuemap/>
                            <logtimefmt/>
                            <preprocessing/>
                            <jmx_endpoint/>
                            <application_prototypes/>
                            <master_item_prototype/>
                        </item_prototype>
                        <item_prototype>
                            <name>[{#KLLIC_SERIAL}] time to expiration</name>
                            <type>7</type>
                            <snmp_community/>
                            <snmp_oid/>
                            <key>ksc[Get,License,TimeLeftToLicenseExpire,{#KLLIC_SERIAL}]</key>
                            <delay>3600</delay>
                            <history>7d</history>
                            <trends>90d</trends>
                            <status>0</status>
                            <value_type>0</value_type>
                            <allowed_hosts/>
                            <units>s</units>
                            <snmpv3_contextname/>
                            <snmpv3_securityname/>
                            <snmpv3_securitylevel>0</snmpv3_securitylevel>
                            <snmpv3_authprotocol>0</snmpv3_authprotocol>
                            <snmpv3_authpassphrase/>
                            <snmpv3_privprotocol>0</snmpv3_privprotocol>
                            <snmpv3_privpassphrase/>
                            <params/>
                            <ipmi_sensor/>
                            <authtype>0</authtype>
                            <username/>
                            <password/>
                            <publickey/>
                            <privatekey/>
                            <port/>
                            <description/>
                            <inventory_link>0</inventory_link>
                            <applications>
                                <application>
                                    <name>KSC Licenses</name>
                                </application>
                            </applications>
                            <valuemap/>
                            <logtimefmt/>
                            <preprocessing/>
                            <jmx_endpoint/>
                            <application_prototypes/>
                            <master_item_prototype/>
                        </item_prototype>
                    </item_prototypes>
                    <trigger_prototypes>
                        <trigger_prototype>
                            <expression>{Template Kaspersky Security Center active:ksc[Get,License,TimeLeftToLicenseExpire,{#KLLIC_SERIAL}].last()}&lt;864000 and {Template Kaspersky Security Center active:ksc[Get,License,TimeLeftToLicenseExpire,{#KLLIC_SERIAL}].last()}&gt;0</expression>
                            <recovery_mode>0</recovery_mode>
                            <recovery_expression/>
                            <name>[{#KLLIC_SERIAL}] Less than 10 days left to license expiring</name>
                            <correlation_mode>0</correlation_mode>
                            <correlation_tag/>
                            <url/>
                            <status>0</status>
                            <priority>1</priority>
                            <description/>
                            <type>7</type>
                            <manual_close>0</manual_close>
                            <dependencies/>
                            <tags/>
                        </trigger_prototype>
                        <trigger_prototype>
                            <expression>{Template Kaspersky Security Center active:ksc[Get,License,TimeLeftToLicenseExpire,{#KLLIC_SERIAL}].last()}&lt;0</expression>
                            <recovery_mode>0</recovery_mode>
                            <recovery_expression/>
                            <name>[{#KLLIC_SERIAL}] License expired</name>
                            <correlation_mode>0</correlation_mode>
                            <correlation_tag/>
                            <url/>
                            <status>0</status>
                            <priority>2</priority>
                            <description/>
                            <type>7</type>
                            <manual_close>0</manual_close>
                            <dependencies/>
                            <tags/>
                        </trigger_prototype>
                    </trigger_prototypes>
                    <graph_prototypes/>
                    <host_prototypes/>
                    <jmx_endpoint/>
                </discovery_rule>
            </discovery_rules>
            <httptests/>
            <macros/>
            <templates/>
            <screens/>
        </template>
    </templates>
    <triggers>
        <trigger>
            <expression>{Template Kaspersky Security Center active:ksc[Count,Host,NotRunningAVApplication].last()}&gt;0</expression>
            <recovery_mode>0</recovery_mode>
            <recovery_expression/>
            <name>{ITEM.VALUE} of managed hosts on which Anti-virus application is installed but not running</name>
            <correlation_mode>0</correlation_mode>
            <correlation_tag/>
            <url/>
            <status>0</status>
            <priority>3</priority>
            <description/>
            <type>0</type>
            <manual_close>0</manual_close>
            <dependencies/>
            <tags/>
        </trigger>
        <trigger>
            <expression>{Template Kaspersky Security Center active:ksc[Count,Host,NotRunningRTP].last()}&gt;0</expression>
            <recovery_mode>0</recovery_mode>
            <recovery_expression/>
            <name>{ITEM.VALUE} of managed hosts on which Anti-virus application is installed but real-time protection is not running</name>
            <correlation_mode>0</correlation_mode>
            <correlation_tag/>
            <url/>
            <status>0</status>
            <priority>3</priority>
            <description/>
            <type>0</type>
            <manual_close>0</manual_close>
            <dependencies/>
            <tags/>
        </trigger>
        <trigger>
            <expression>{Template Kaspersky Security Center active:ksc[Count,Host,NotInstalledAVApplication].last()}&gt;0</expression>
            <recovery_mode>0</recovery_mode>
            <recovery_expression/>
            <name>{ITEM.VALUE} of managed hosts on which Anti-virus application is not installed</name>
            <correlation_mode>0</correlation_mode>
            <correlation_tag/>
            <url/>
            <status>0</status>
            <priority>2</priority>
            <description/>
            <type>0</type>
            <manual_close>0</manual_close>
            <dependencies/>
            <tags/>
        </trigger>
        <trigger>
            <expression>{Template Kaspersky Security Center active:ksc[Count,Host,TooOldAVBases].last()}&gt;0</expression>
            <recovery_mode>0</recovery_mode>
            <recovery_expression/>
            <name>{ITEM.VALUE} of managed hosts on which Anti-virus bases were updated too long ago</name>
            <correlation_mode>0</correlation_mode>
            <correlation_tag/>
            <url/>
            <status>0</status>
            <priority>3</priority>
            <description/>
            <type>0</type>
            <manual_close>0</manual_close>
            <dependencies/>
            <tags/>
        </trigger>
        <trigger>
            <expression>{Template Kaspersky Security Center active:ksc[Count,Host,AVBasesAgeMoreThan7Days].last()}&gt;0</expression>
            <recovery_mode>0</recovery_mode>
            <recovery_expression/>
            <name>{ITEM.VALUE} of managed hosts on which AV bases were updated more than 7 days ago</name>
            <correlation_mode>0</correlation_mode>
            <correlation_tag/>
            <url/>
            <status>0</status>
            <priority>2</priority>
            <description/>
            <type>0</type>
            <manual_close>0</manual_close>
            <dependencies/>
            <tags/>
        </trigger>
        <trigger>
            <expression>{Template Kaspersky Security Center active:ksc[Count,Host,FullScanPerformedTooLongAgo].last()}&gt;0</expression>
            <recovery_mode>0</recovery_mode>
            <recovery_expression/>
            <name>{ITEM.VALUE} of managed hosts on which full scan performed too long ago</name>
            <correlation_mode>0</correlation_mode>
            <correlation_tag/>
            <url/>
            <status>0</status>
            <priority>1</priority>
            <description/>
            <type>0</type>
            <manual_close>0</manual_close>
            <dependencies/>
            <tags/>
        </trigger>
        <trigger>
            <expression>{Template Kaspersky Security Center active:ksc[Count,Host,RTPState.Failure].last()}&gt;0 and {Template Kaspersky Security Center active:ksc[Count,Host,RTPState.Stopped].last()}&gt;0 and {Template Kaspersky Security Center active:ksc[Count,Host,RTPState.Suspended].last()}&gt;0 and {Template Kaspersky Security Center active:ksc[Count,Host,RTPState.Unknown].last()}&gt;0</expression>
            <recovery_mode>0</recovery_mode>
            <recovery_expression/>
            <name>{ITEM.VALUE} of managed hosts on which kaspersky RTP have problems</name>
            <correlation_mode>0</correlation_mode>
            <correlation_tag/>
            <url/>
            <status>0</status>
            <priority>3</priority>
            <description/>
            <type>0</type>
            <manual_close>0</manual_close>
            <dependencies/>
            <tags/>
        </trigger>
        <trigger>
            <expression>{Template Kaspersky Security Center active:ksc[Count,Host,AgentIsInactiveTooLong].last()}&gt;0</expression>
            <recovery_mode>0</recovery_mode>
            <recovery_expression/>
            <name>{ITEM.VALUE} of managed hosts on which network agent is inactive too long</name>
            <correlation_mode>0</correlation_mode>
            <correlation_tag/>
            <url/>
            <status>0</status>
            <priority>3</priority>
            <description/>
            <type>0</type>
            <manual_close>0</manual_close>
            <dependencies/>
            <tags/>
        </trigger>
        <trigger>
            <expression>{Template Kaspersky Security Center active:ksc[Count,Host,TooMuchVirusesDetected].last()}&gt;0</expression>
            <recovery_mode>0</recovery_mode>
            <recovery_expression/>
            <name>{ITEM.VALUE} of managed hosts on which number of viruses detected is too much</name>
            <correlation_mode>0</correlation_mode>
            <correlation_tag/>
            <url/>
            <status>0</status>
            <priority>3</priority>
            <description/>
            <type>0</type>
            <manual_close>0</manual_close>
            <dependencies/>
            <tags/>
        </trigger>
        <trigger>
            <expression>{Template Kaspersky Security Center active:ksc[Count,Host,Status.Critical].last()}&gt;0</expression>
            <recovery_mode>0</recovery_mode>
            <recovery_expression/>
            <name>{ITEM.VALUE} of managed hosts with status 'Critical'</name>
            <correlation_mode>0</correlation_mode>
            <correlation_tag/>
            <url/>
            <status>0</status>
            <priority>4</priority>
            <description/>
            <type>0</type>
            <manual_close>0</manual_close>
            <dependencies/>
            <tags/>
        </trigger>
        <trigger>
            <expression>{Template Kaspersky Security Center active:ksc[Count,Host,Status.Warning].last()}&gt;0</expression>
            <recovery_mode>0</recovery_mode>
            <recovery_expression/>
            <name>{ITEM.VALUE} of managed hosts with status 'Warning'</name>
            <correlation_mode>0</correlation_mode>
            <correlation_tag/>
            <url/>
            <status>0</status>
            <priority>2</priority>
            <description/>
            <type>0</type>
            <manual_close>0</manual_close>
            <dependencies/>
            <tags/>
        </trigger>
    </triggers>
    <graphs>
        <graph>
            <name>[KSC] Managed hosts - AV Bases age</name>
            <width>900</width>
            <height>200</height>
            <yaxismin>0.0000</yaxismin>
            <yaxismax>100.0000</yaxismax>
            <show_work_period>1</show_work_period>
            <show_triggers>1</show_triggers>
            <type>1</type>
            <show_legend>1</show_legend>
            <show_3d>0</show_3d>
            <percent_left>0.0000</percent_left>
            <percent_right>0.0000</percent_right>
            <ymin_type_1>0</ymin_type_1>
            <ymax_type_1>0</ymax_type_1>
            <ymin_item_1>0</ymin_item_1>
            <ymax_item_1>0</ymax_item_1>
            <graph_items>
                <graph_item>
                    <sortorder>0</sortorder>
                    <drawtype>0</drawtype>
                    <color>00BB00</color>
                    <yaxisside>0</yaxisside>
                    <calc_fnc>4</calc_fnc>
                    <type>7</type>
                    <item>
                        <host>Template Kaspersky Security Center active</host>
                        <key>ksc[Count,Host,AVBasesAgeIs24Hrs]</key>
                    </item>
                </graph_item>
                <graph_item>
                    <sortorder>1</sortorder>
                    <drawtype>0</drawtype>
                    <color>0000BB</color>
                    <yaxisside>0</yaxisside>
                    <calc_fnc>4</calc_fnc>
                    <type>7</type>
                    <item>
                        <host>Template Kaspersky Security Center active</host>
                        <key>ksc[Count,Host,AVBasesAgeIs1-3Days]</key>
                    </item>
                </graph_item>
                <graph_item>
                    <sortorder>2</sortorder>
                    <drawtype>0</drawtype>
                    <color>BB00BB</color>
                    <yaxisside>0</yaxisside>
                    <calc_fnc>4</calc_fnc>
                    <type>7</type>
                    <item>
                        <host>Template Kaspersky Security Center active</host>
                        <key>ksc[Count,Host,AVBasesAgeIs3-7Days]</key>
                    </item>
                </graph_item>
                <graph_item>
                    <sortorder>3</sortorder>
                    <drawtype>0</drawtype>
                    <color>BB0000</color>
                    <yaxisside>0</yaxisside>
                    <calc_fnc>4</calc_fnc>
                    <type>7</type>
                    <item>
                        <host>Template Kaspersky Security Center active</host>
                        <key>ksc[Count,Host,AVBasesAgeMoreThan7Days]</key>
                    </item>
                </graph_item>
            </graph_items>
        </graph>
        <graph>
            <name>[KSC] Managed hosts - status</name>
            <width>900</width>
            <height>200</height>
            <yaxismin>0.0000</yaxismin>
            <yaxismax>100.0000</yaxismax>
            <show_work_period>1</show_work_period>
            <show_triggers>1</show_triggers>
            <type>1</type>
            <show_legend>1</show_legend>
            <show_3d>0</show_3d>
            <percent_left>0.0000</percent_left>
            <percent_right>0.0000</percent_right>
            <ymin_type_1>0</ymin_type_1>
            <ymax_type_1>0</ymax_type_1>
            <ymin_item_1>0</ymin_item_1>
            <ymax_item_1>0</ymax_item_1>
            <graph_items>
                <graph_item>
                    <sortorder>0</sortorder>
                    <drawtype>0</drawtype>
                    <color>00BB00</color>
                    <yaxisside>0</yaxisside>
                    <calc_fnc>4</calc_fnc>
                    <type>7</type>
                    <item>
                        <host>Template Kaspersky Security Center active</host>
                        <key>ksc[Count,Host,Status.OK]</key>
                    </item>
                </graph_item>
                <graph_item>
                    <sortorder>1</sortorder>
                    <drawtype>0</drawtype>
                    <color>BBBB00</color>
                    <yaxisside>0</yaxisside>
                    <calc_fnc>4</calc_fnc>
                    <type>7</type>
                    <item>
                        <host>Template Kaspersky Security Center active</host>
                        <key>ksc[Count,Host,Status.Warning]</key>
                    </item>
                </graph_item>
                <graph_item>
                    <sortorder>2</sortorder>
                    <drawtype>0</drawtype>
                    <color>BB0000</color>
                    <yaxisside>0</yaxisside>
                    <calc_fnc>4</calc_fnc>
                    <type>7</type>
                    <item>
                        <host>Template Kaspersky Security Center active</host>
                        <key>ksc[Count,Host,Status.Critical]</key>
                    </item>
                </graph_item>
            </graph_items>
        </graph>
    </graphs>
</zabbix_export>
